title,journal,year,doi,url,source
Correction to: Habitat suitability maps for Australian flora and fauna under CMIP6 climate scenarios,GigaScience,2025,10.1093/gigascience/giae031,https://doi.org/10.1093/gigascience/giae031,Crossref
A Framework Integrating GWAS and Genomic Selection to Enhance Prediction Accuracy of Economical Traits in Common Carp.,International journal of molecular sciences,2025,10.3390/ijms26147009,https://doi.org/10.3390/ijms26147009,PubMed
"Abiotic stress destabilizes the bacterial community of sugar kelp, Saccharina latissima (Phaeophyceae).",Journal of phycology,2025,10.1111/jpy.70033,https://doi.org/10.1111/jpy.70033,PubMed
Advances and challenges of anammox-based PN/A and PD/A coupled processes in treating diverse wastewater qualities: A review.,Journal of environmental management,2025,10.1016/j.jenvman.2025.127484,https://doi.org/10.1016/j.jenvman.2025.127484,PubMed
Applying Genomic Offsets to Breeding Programmes: Bridging Evolutionary Insights With Practical Applications.,Evolutionary applications,2025,10.1111/eva.70155,https://doi.org/10.1111/eva.70155,PubMed
Assessing COVID-19 lockdown effects on coastal water quality in a strongly impacted tourist destination using Sentinel-2 multispectral data.,PloS one,2025,10.1371/journal.pone.0334974,https://doi.org/10.1371/journal.pone.0334974,PubMed
Assessing the ecohydrological impact of hydropower-induced flow regulation on fish habitats in the Jinsha River.,Journal of environmental management,2025,10.1016/j.jenvman.2025.125303,https://doi.org/10.1016/j.jenvman.2025.125303,PubMed
Assessment of Global Planted-to-Natural Mangroves Biomass Ratio and Mangroves Biomass Carbon Stocks by Machine Learning.,Environmental research,2025,10.1016/j.envres.2025.123263,https://doi.org/10.1016/j.envres.2025.123263,PubMed
Assessment of mollusc habitat suitability of an anthropogenically altered tropical river in India.,Environmental monitoring and assessment,2025,10.1007/s10661-025-14593-3,https://doi.org/10.1007/s10661-025-14593-3,PubMed
Biodiversity effects on seedling growth are modified by light environment across functional groups.,Ecological applications : a publication of the Ecological Society of America,2025,10.1002/eap.70087,https://doi.org/10.1002/eap.70087,PubMed
"Biodiversity, sustainable utilization, and conservation of the wild plants used in Traditional Mongolian Medicine of the Greater Khingan Mountains.",Journal of ethnobiology and ethnomedicine,2025,10.1186/s13002-025-00802-3,https://doi.org/10.1186/s13002-025-00802-3,PubMed
"Caballeronia eucalypticola sp. nov., isolated from the xylem tissues of eucalyptus.",International journal of systematic and evolutionary microbiology,2025,10.1099/ijsem.0.006955,https://doi.org/10.1099/ijsem.0.006955,PubMed
Changes in the trade-offs between photosynthesis and detoxification capacity among different tree species under ozone pollution.,"Environmental pollution (Barking, Essex : 1987)",2025,10.1016/j.envpol.2025.127013,https://doi.org/10.1016/j.envpol.2025.127013,PubMed
"Characterization of known and unknown AhR-active substances in freshwater fish from the Gapcheon River, South Korea: Application of effect-directed analysis and nontarget screening.",Ecotoxicology and environmental safety,2025,10.1016/j.ecoenv.2025.118579,https://doi.org/10.1016/j.ecoenv.2025.118579,PubMed
Characterizing seasonal changes in perfluoroalkyl substances in lake sediment by environmental magnetism from a machine learning perspective.,Environmental research,2025,10.1016/j.envres.2025.122821,https://doi.org/10.1016/j.envres.2025.122821,PubMed
Chemical mixture risk drivers and their heterogeneity in European freshwaters.,Environment international,2025,10.1016/j.envint.2025.109881,https://doi.org/10.1016/j.envint.2025.109881,PubMed
"Chernobyl as a natural laboratory: Genetic instability, adaptation, and ecological recovery in flora and fauna under chronic radiation.",Mutation research. Genetic toxicology and environmental mutagenesis,2025,10.1016/j.mrgentox.2025.503898,https://doi.org/10.1016/j.mrgentox.2025.503898,PubMed
Chromosome-level genome assembly of Albizia odoratissima and effect of flavonoid metabolic pathways under drought stress.,BMC plant biology,2025,10.1186/s12870-025-07523-5,https://doi.org/10.1186/s12870-025-07523-5,PubMed
"Comparative analysis of microplastic and microbial communities in varied aquatic environments: Disparities in occurrence, interconnections, and ecological implications.",Journal of hazardous materials,2025,10.1016/j.jhazmat.2025.138795,https://doi.org/10.1016/j.jhazmat.2025.138795,PubMed
"Comparative study of the macroinvertebrate assemblages of two urban rivers of Jujuy, Argentina.",Anais da Academia Brasileira de Ciencias,2025,10.1590/0001-3765202520231359,https://doi.org/10.1590/0001-3765202520231359,PubMed
Contrasting distribution patterns and drivers of bacterial and fungal communities in sandy intertidal zones of China.,Marine environmental research,2025,10.1016/j.marenvres.2025.107417,https://doi.org/10.1016/j.marenvres.2025.107417,PubMed
Cross-sectional study of gastrointestinal helminthosis in goats from three ecosystems in Peru: Prevalence and associated factors.,Parasitology research,2025,10.1007/s00436-025-08573-2,https://doi.org/10.1007/s00436-025-08573-2,PubMed
"Decapod Crustaceans in a Transitional River System: Insights from the Ribeira de Iguape Ecoregion, Brazil.",Biology,2025,10.3390/biology14091255,https://doi.org/10.3390/biology14091255,PubMed
Deciphering uptake mechanisms of potentially toxic elements in seaweeds using high resolution imaging analysis.,Journal of hazardous materials,2025,10.1016/j.jhazmat.2025.139646,https://doi.org/10.1016/j.jhazmat.2025.139646,PubMed
Decoding the spatial spread of cyanobacterial blooms in an epilimnion.,Journal of mathematical biology,2025,10.1007/s00285-025-02263-4,https://doi.org/10.1007/s00285-025-02263-4,PubMed
Deforestation effects and house invasion by chagas disease vectors in Brazil.,Scientific reports,2025,10.1038/s41598-025-22086-z,https://doi.org/10.1038/s41598-025-22086-z,PubMed
"Diet, nutrient characteristics and gut microbiome between summer and winter drive adaptive strategies of East China sika deer (Cervus nippon kopschi) in the Yangtze River basin.",BMC microbiology,2025,10.1186/s12866-025-04368-8,https://doi.org/10.1186/s12866-025-04368-8,PubMed
Differential responses of phytoplankton and zooplankton communities to tidal and urban stressors in the Dongjiang river: From biodiversity patterns to network stability.,Ecotoxicology and environmental safety,2025,10.1016/j.ecoenv.2025.118930,https://doi.org/10.1016/j.ecoenv.2025.118930,PubMed
Disruption of histone acetylation homeostasis reveals multilayered chromatin regulation for transcriptional resiliency.,Epigenetics & chromatin,2025,10.1186/s13072-025-00631-4,https://doi.org/10.1186/s13072-025-00631-4,PubMed
"Distribution modelling for Neotropical freshwater stingrays Potamotrygon brachyura and Potamotrygon motoro (Myliobatiformes, Potamotrygonidae) in the Uruguay River basin.",Journal of fish biology,2025,10.1111/jfb.70219,https://doi.org/10.1111/jfb.70219,PubMed
Diverse soil protists show auxin regulated growth in partnership with auxin-producing bacteria.,The ISME journal,2025,10.1093/ismejo/wraf234,https://doi.org/10.1093/ismejo/wraf234,PubMed
"Diversity, distribution, and conservation status of Macrobrachium shrimp in freshwater ecosystems of Aceh, Indonesia.",Veterinary world,2025,10.14202/vetworld.2025.2377-2394,https://doi.org/10.14202/vetworld.2025.2377-2394,PubMed
Do syngameons exist in tropical trees? Challenges to determine their existence and estimate their frequency.,Biology letters,2025,10.1098/rsbl.2025.0444,https://doi.org/10.1098/rsbl.2025.0444,PubMed
Drought intensity and duration interact to magnify losses in primary productivity.,"Science (New York, N.Y.)",2025,10.1126/science.ads8144,https://doi.org/10.1126/science.ads8144,PubMed
Early warning of harmful cyanobacteria blooms based on high frequency in situ monitoring and intelligible machine learning modelling: The case study of Lake Müggelsee (Germany).,Water research,2025,10.1016/j.watres.2025.124514,https://doi.org/10.1016/j.watres.2025.124514,PubMed
"Ecological Niche Modeling of Hoplias malabaricus (Characiformes, Erythrinidae) Under Climate Change Scenarios.",Ecology and evolution,2025,10.1002/ece3.72361,https://doi.org/10.1002/ece3.72361,PubMed
Enhanced Rock Weathering Promotes Soil Organic Carbon Accumulation: A Global Meta-Analysis Based on Experimental Evidence.,Global change biology,2025,10.1111/gcb.70483,https://doi.org/10.1111/gcb.70483,PubMed
Enhancing enviromics based predictions in common bean multi-environment trials.,Scientific reports,2025,10.1038/s41598-025-21882-x,https://doi.org/10.1038/s41598-025-21882-x,PubMed
Ensemble model projection of climate-driven habitat redistribution for the endangered Brachymystax tsinlingensis.,Journal of environmental management,2025,10.1016/j.jenvman.2025.127636,https://doi.org/10.1016/j.jenvman.2025.127636,PubMed
Environmental DNA reveals shift in phytoplankton community driven by sewage-derived eutrophication in coastal waters.,Marine environmental research,2025,10.1016/j.marenvres.2025.107625,https://doi.org/10.1016/j.marenvres.2025.107625,PubMed
"Environmental DNA-based assessment of multitrophic biodiversity in a typical river located in the Loess Plateau, China: Influence of PAHs and suspended sediments.",Ecotoxicology and environmental safety,2025,10.1016/j.ecoenv.2024.117568,https://doi.org/10.1016/j.ecoenv.2024.117568,PubMed
Environmental Fate and Ecological Risk of Microencapsulated Pesticide Suspensions in Water-Sediment Systems: A Case Study of Pyraclostrobin.,Journal of agricultural and food chemistry,2025,10.1021/acs.jafc.5c06675,https://doi.org/10.1021/acs.jafc.5c06675,PubMed
Environmental gradients shape microbial community structure and ecosystem processes in Antarctic lakes on King George Island.,Scientific reports,2025,10.1038/s41598-025-21587-1,https://doi.org/10.1038/s41598-025-21587-1,PubMed
Evaluating model-agnostic post-hoc methods in explainable artificial intelligence: augmenting species distribution models.,Biologia futura,2025,10.1007/s42977-025-00288-w,https://doi.org/10.1007/s42977-025-00288-w,PubMed
Exploring Multifaceted Roles of Bambusicolous Apiospora in Phyllostachys bambusoides.,Microbial ecology,2025,10.1007/s00248-025-02631-z,https://doi.org/10.1007/s00248-025-02631-z,PubMed
First report of Anaplasma marginale in the European bison Bison bonasus.,Parasites & vectors,2025,10.1186/s13071-025-07056-8,https://doi.org/10.1186/s13071-025-07056-8,PubMed
"Flood pulses reshape phytoplankton richness through aggregation, density, and species abundance distribution across floodplains.",The Science of the total environment,2025,10.1016/j.scitotenv.2025.180402,https://doi.org/10.1016/j.scitotenv.2025.180402,PubMed
Food-derived bioactive peptides as emerging therapeutic agents: Unlocking novel strategies for colorectal cancer treatment.,Pharmacological research,2025,10.1016/j.phrs.2025.107819,https://doi.org/10.1016/j.phrs.2025.107819,PubMed
Freshwater fish condition responses to hydrological disturbance are species- and scale dependent.,Journal of fish biology,2025,10.1111/jfb.70033,https://doi.org/10.1111/jfb.70033,PubMed
Functional profiles and organochlorine degradation potential in microbial communities of tropical epilithic biofilms: a case study in Guadeloupe (Lesser Antilles).,Canadian journal of microbiology,2025,10.1139/cjm-2025-0074,https://doi.org/10.1139/cjm-2025-0074,PubMed
Genetic and geographical insights call for early conservation of Mae Hong Son's blue mahseer to prevent population crisis.,PloS one,2025,10.1371/journal.pone.0313505,https://doi.org/10.1371/journal.pone.0313505,PubMed
Genetic structure and historical demography of inland wetland fish using the endangered Lisbon arched-mouth nase as a case-study.,Scientific reports,2025,10.1038/s41598-025-05280-x,https://doi.org/10.1038/s41598-025-05280-x,PubMed
Genetic structure and marker-trait association analysis for agro-morphological and physiological characteristics in germplasm of wild barley (Hordeum vulgare subsp. spontaneum).,Scientific reports,2025,10.1038/s41598-025-22401-8,https://doi.org/10.1038/s41598-025-22401-8,PubMed
Genome-Wide Identification of PHD Transcription Factor Family in Carya illinoinensis and Functional Characterization of CiPHD14 in Drought Stress.,Physiologia plantarum,2025,10.1111/ppl.70605,https://doi.org/10.1111/ppl.70605,PubMed
Genome-resolved insights into the bacterial phylum WOR-3: hydrogenotrophic metabolism and unique carbon fixation via archaeal form III RuBisCO.,mSystems,2025,10.1128/msystems.01178-25,https://doi.org/10.1128/msystems.01178-25,PubMed
Genomic Signatures of Adaptive Evolution in Taenioides sp. During Northward Invasion.,International journal of molecular sciences,2025,10.3390/ijms26199613,https://doi.org/10.3390/ijms26199613,PubMed
Global Diversity Patterns in Anurans Are Determined by Terrestrial and Arboreal Species.,Integrative zoology,2025,10.1111/1749-4877.13032,https://doi.org/10.1111/1749-4877.13032,PubMed
Haloxylon ammodendron plantations: enhancing multi-trophic arthropod diversity and soil multifunctionality in arid deserts.,Journal of environmental management,2025,10.1016/j.jenvman.2025.127140,https://doi.org/10.1016/j.jenvman.2025.127140,PubMed
Harnessing genetic diversity: The genomic and transcriptomic insights of Eugenia uniflora for environmental resilience.,PloS one,2025,10.1371/journal.pone.0333437,https://doi.org/10.1371/journal.pone.0333437,PubMed
Harnessing microbial-derived metabolites in the urinary tract to prevent infection induced catheter encrustation.,Nature communications,2025,10.1038/s41467-025-64661-y,https://doi.org/10.1038/s41467-025-64661-y,PubMed
Host species and geographic location shape microbial diversity and functional potential in the conifer needle microbiome.,Microbiome,2025,10.1186/s40168-025-02271-y,https://doi.org/10.1186/s40168-025-02271-y,PubMed
Identification and functional characterization of the histone acetyltransferase gene family in Bursaphelenchus xylophilus.,BMC genomics,2025,10.1186/s12864-025-12175-8,https://doi.org/10.1186/s12864-025-12175-8,PubMed
Impacts of climate change on the dilution capacity of perennial and non-perennial European rivers.,Water research,2025,10.1016/j.watres.2025.124499,https://doi.org/10.1016/j.watres.2025.124499,PubMed
Improvement of durum wheat growth under combined abiotic stresses by multitolerant strain of Pantoea agglomerans for sustainable agricultural approach.,Scientific reports,2025,10.1038/s41598-025-22257-y,https://doi.org/10.1038/s41598-025-22257-y,PubMed
Influence of aquaculture and genomic surveillance techniques on antimicrobial resistance gene profiles and microbiota detected in marine and freshwater sediments.,Canadian journal of microbiology,2025,10.1139/cjm-2024-0206,https://doi.org/10.1139/cjm-2024-0206,PubMed
"Insight into the Sporulation Physiology of Elkhorn Fern: Metabolic, Hormonal, and Pigment Changes Within a Single Leaf of Platycerium bifurcatum.",International journal of molecular sciences,2025,10.3390/ijms26168084,https://doi.org/10.3390/ijms26168084,PubMed
"Insight into the bioactivity and action mode of betulin, a candidate aphicide from plant metabolite, against aphids.",eLife,2025,10.7554/elife.107598,https://doi.org/10.7554/elife.107598,PubMed
Integrated of metabolome and transcriptome analysis reveals the effect of artificial light at night on Platanus orientalis L.,BMC plant biology,2025,10.1186/s12870-025-07179-1,https://doi.org/10.1186/s12870-025-07179-1,PubMed
Integrating Dam-Induced Effects into a Bayesian eDNA-Hydrodynamic Model to Improve Fish Monitoring in Regulated Rivers.,Environmental science & technology,2025,10.1021/acs.est.5c08083,https://doi.org/10.1021/acs.est.5c08083,PubMed
Integrating climate scenarios and advanced modeling to predict freshwater fish invasions: insights from Carassius species in Iran.,Scientific reports,2025,10.1038/s41598-025-21958-8,https://doi.org/10.1038/s41598-025-21958-8,PubMed
"Integrating the thermal dependence of sex ratio into distribution models to predict suitable habitats for the invasive freshwater pond slider turtle, Trachemys scripta.",Marine life science & technology,2025,10.1007/s42995-025-00291-z,https://doi.org/10.1007/s42995-025-00291-z,PubMed
"Isotopic and genetic evidence of partial mycoheterotrophy in leafy variants of Cremastra aphylla, a predominantly leafless orchid.",Annals of botany,2025,10.1093/aob/mcaf235,https://doi.org/10.1093/aob/mcaf235,PubMed
Landscape Characteristics Associated With Demographic Attributes of Alouatta caraya Howler Monkeys in the Argentine Humid Chaco.,American journal of primatology,2025,10.1002/ajp.70084,https://doi.org/10.1002/ajp.70084,PubMed
"Life-stage and environmental influences on the recruitment of African freshwater eels into the uThukela River, South Africa.",Journal of fish biology,2025,10.1111/jfb.70239,https://doi.org/10.1111/jfb.70239,PubMed
Long-Term and Regional-Scale Data Reveal Divergent Trends of Different Climate Variables on Fish Body Size Over 75 Years.,Global change biology,2025,10.1111/gcb.70584,https://doi.org/10.1111/gcb.70584,PubMed
Longitudinal zonation and hydrothermal variation jointly influence the bacterioplankton community assembly in peatland rivers in the Tibetan plateau.,Environmental research,2025,10.1016/j.envres.2025.123000,https://doi.org/10.1016/j.envres.2025.123000,PubMed
Mechanistic Multitrophic Insight on Seasonal Hypoxia Impacts in Urbanized Estuarine Ecosystems.,Environmental science & technology,2025,10.1021/acs.est.5c07389,https://doi.org/10.1021/acs.est.5c07389,PubMed
Membrane contact sites between chloroplasts and the pathogen interface underpin plant focal immune responses.,The Plant cell,2025,10.1093/plcell/koaf214,https://doi.org/10.1093/plcell/koaf214,PubMed
Metagenomic analysis reveals how multiple stressors disrupt virus-host interactions in multi-trophic freshwater mesocosms.,Nature communications,2025,10.1038/s41467-025-63162-2,https://doi.org/10.1038/s41467-025-63162-2,PubMed
"Metals in feathers of the red-billed chough as a sentinel of exposure to past and recent volcanic activity in La Palma, Canary Islands.",Environmental research,2025,10.1016/j.envres.2025.123033,https://doi.org/10.1016/j.envres.2025.123033,PubMed
Microbiome-related metabolites in early to midpregnancy and risk of fetal growth extremes: a metabolome-wide association study.,The American journal of clinical nutrition,2025,10.1016/j.ajcnut.2025.09.023,https://doi.org/10.1016/j.ajcnut.2025.09.023,PubMed
"Mitochondrial codon usage bias and novel phylogenetic insights: implications for taxonomic reevaluation of seven Xylotini species (Diptera, Syrphidae, Eristalinae).",BMC genomics,2025,10.1186/s12864-025-12180-x,https://doi.org/10.1186/s12864-025-12180-x,PubMed
Neighbourhood Tree Competition Promotes Microbial Diversity in Phyllosphere.,Ecology letters,2025,10.1111/ele.70240,https://doi.org/10.1111/ele.70240,PubMed
Nitrogen enrichment determines coral mortality during a marine heatwave.,Marine pollution bulletin,2025,10.1016/j.marpolbul.2025.118758,https://doi.org/10.1016/j.marpolbul.2025.118758,PubMed
Non-Target Effects of Beta-Cypermethrin on Baryscapus dioryctriae and Ecological Risk Assessment.,Insects,2025,10.3390/insects16090948,https://doi.org/10.3390/insects16090948,PubMed
"Occurrence, Distribution, Sources, and Risk Assessment of Heavy Metals in Brownfields From Wuhan, Central China.",Bulletin of environmental contamination and toxicology,2025,10.1007/s00128-025-04062-5,https://doi.org/10.1007/s00128-025-04062-5,PubMed
Optimizing water and nitrogen management improves maize productivity by regulating root development in the cold semi-arid Songnen plains of Northeast China.,Frontiers in plant science,2025,10.3389/fpls.2025.1658353,https://doi.org/10.3389/fpls.2025.1658353,PubMed
Oral Microbiota and Pharyngeal-Laryngeal Cancer Risk: Evidence from Mendelian Randomization in East Asian Populations.,Polish journal of microbiology,2025,10.33073/pjm-2025-029,https://doi.org/10.33073/pjm-2025-029,PubMed
Overexpression of the glutathione synthase gene PsGSH2 enhances cadmium stress tolerance in transgenic Arabidopsis thaliana.,Plant cell reports,2025,10.1007/s00299-025-03655-y,https://doi.org/10.1007/s00299-025-03655-y,PubMed
Oxford nanopore sequencing as a useful tool for investigating the population dynamics of invasive begomoviruses in Sicily.,Microbial genomics,2025,10.1099/mgen.0.001529,https://doi.org/10.1099/mgen.0.001529,PubMed
Phenotypic stratification of Low-grade Glioma using multimodal MRI via outcome-weighted integrative clustering.,BMC neurology,2025,10.1186/s12883-025-04420-0,https://doi.org/10.1186/s12883-025-04420-0,PubMed
"Phosphorus dynamics and fractionation in the Ashtamudi estuary, Southwest coast of India: Seasonal variability, and potential ecological risk assessment.",Marine pollution bulletin,2025,10.1016/j.marpolbul.2025.118806,https://doi.org/10.1016/j.marpolbul.2025.118806,PubMed
Phylogenomics of sigmodontine rodents (Cricetidae: Sigmodontinae): Cloud forests and Pliocene extinction explain the timing and spread of an iconic South American radiation.,PloS one,2025,10.1371/journal.pone.0317165,https://doi.org/10.1371/journal.pone.0317165,PubMed
Pleistocene speciation and glacial refugia in the Gilt Darter (Percidae: Percina evides) species complex.,Evolution; international journal of organic evolution,2025,10.1093/evolut/qpaf204,https://doi.org/10.1093/evolut/qpaf204,PubMed
"Polyethylene microplastic pollution drives quorum sensing-mediated enrichment of rhizosphere pathogens, resistance genes, and virulence factors genes.",Journal of hazardous materials,2025,10.1016/j.jhazmat.2025.139800,https://doi.org/10.1016/j.jhazmat.2025.139800,PubMed
Porphyromonas gingivalis Lysate Induces TLR-2/4-Dependent NF-κB Activation and Inflammatory Damage in the Human Placental Barrier.,International journal of molecular sciences,2025,10.3390/ijms26199558,https://doi.org/10.3390/ijms26199558,PubMed
Positive Correlation Between Economic Activities and Fish Diversity in Small River Basins of Less Developed Regions: A Case Study of the Lixian River Basin.,Animals : an open access journal from MDPI,2025,10.3390/ani15162416,https://doi.org/10.3390/ani15162416,PubMed
"Potentiation of analgesic activity following the complexation of Algrizea minor Sobral, Faria & Proença (Myrteae, Myrtaceae) leaf essential oil with β-cyclodextrin.",Inflammopharmacology,2025,10.1007/s10787-025-01979-5,https://doi.org/10.1007/s10787-025-01979-5,PubMed
Prokaryotic co-occurrence patterns in diverse Indian mangrove ecosystems.,Scientific reports,2025,10.1038/s41598-025-18055-1,https://doi.org/10.1038/s41598-025-18055-1,PubMed
Rapid riparian ecosystem decline in Rocky Mountain National Park.,Conservation biology : the journal of the Society for Conservation Biology,2025,10.1111/cobi.70053,https://doi.org/10.1111/cobi.70053,PubMed
Reaction-Induced Phase Engineering of CuCo Nanoparticles for Enhanced Photothermal CO2 Hydrogenation.,"Advanced materials (Deerfield Beach, Fla.)",2025,10.1002/adma.202515661,https://doi.org/10.1002/adma.202515661,PubMed
Salinity Negatively Impacts Protistan and Fungal Community Stability and Shapes Assembly Processes in Freshwater Ecosystems.,Environmental microbiology reports,2025,10.1111/1758-2229.70209,https://doi.org/10.1111/1758-2229.70209,PubMed
Seasonal Differences in Fish Community Structure in the Upper Yangtze River Based on eDNA Metabarcoding: A Multi-Dimensional Analysis.,Ecology and evolution,2025,10.1002/ece3.72215,https://doi.org/10.1002/ece3.72215,PubMed
"Seasonal and spatial dynamics of the intestinal microbiome in tropical freshwater fish: insights from Astyanax aeneus and Brycon costaricensis in the Peñas Blancas river basin, Costa Rica.",BMC microbiology,2025,10.1186/s12866-025-04279-8,https://doi.org/10.1186/s12866-025-04279-8,PubMed
Sesaminol Inhibits Adipogenesis by Suppressing Mitotic Clonal Expansion and Activating the Nrf2-ARE Pathway.,Nutrients,2025,10.3390/nu17203242,https://doi.org/10.3390/nu17203242,PubMed
"Simulation, prediction and optimization of heavy metal adsorption by metal-organic frameworks with machine learning.",Environmental research,2025,10.1016/j.envres.2025.122612,https://doi.org/10.1016/j.envres.2025.122612,PubMed
Spatio-Temporal Resolution of Microbial Functions and Taxa Associated With Cyanobacterial Harmful Algae Blooms Along a 500-Km Aquatic Continuum in the Lake Erie Watershed.,Environmental microbiology,2025,10.1111/1462-2920.70183,https://doi.org/10.1111/1462-2920.70183,PubMed
"Spatio-temporal evolution in habitat quality and its driving factors in Han River Basin, China.",Scientific reports,2025,10.1038/s41598-025-10514-z,https://doi.org/10.1038/s41598-025-10514-z,PubMed
Spatiotemporal Dynamics of Microbial and Fish Communities in the Thracian Sea Revealed by eDNA Metabarcoding.,Microorganisms,2025,10.3390/microorganisms13102373,https://doi.org/10.3390/microorganisms13102373,PubMed
Species Richness of Freshwater Fish Trophic Guilds Increases With Tropical River Discharge and Decreases With Variability.,Ecology and evolution,2025,10.1002/ece3.72343,https://doi.org/10.1002/ece3.72343,PubMed
Stochastic process shapes the spatiotemporal patterns of main eukaryotic communities in a subtropical estuary.,Environmental research,2025,10.1016/j.envres.2025.122565,https://doi.org/10.1016/j.envres.2025.122565,PubMed
Stream baseline conditions shape functional responses to wastewater: evidence from insect-dominated sites.,PeerJ,2025,10.7717/peerj.20193,https://doi.org/10.7717/peerj.20193,PubMed
Temporal Dynamics and Adaptive Mechanisms of Microbial Communities: Divergent Responses and Network Interactions.,Microbial ecology,2025,10.1007/s00248-025-02596-z,https://doi.org/10.1007/s00248-025-02596-z,PubMed
Temporal factors and habitats drive the variation of microbial distributions and co-occurrence patterns in the Pearl River Estuary.,BMC microbiology,2025,10.1186/s12866-025-04239-2,https://doi.org/10.1186/s12866-025-04239-2,PubMed
"Tenagi Philippi, an area of high fishfauna biodiversity and high human pressure.",Environmental monitoring and assessment,2025,10.1007/s10661-025-14659-2,https://doi.org/10.1007/s10661-025-14659-2,PubMed
The Effect of Place-Based Nature Interventions on Human Health: A Systematic Review.,Environmental research,2025,10.1016/j.envres.2025.123157,https://doi.org/10.1016/j.envres.2025.123157,PubMed
The IUCN Red List and newspaper coverage of threatened freshwater eel species in Japan: A variable but limited influence.,PloS one,2025,10.1371/journal.pone.0331511,https://doi.org/10.1371/journal.pone.0331511,PubMed
"The Sequence of Drought-Driven Stomatal Closure, Stem Xylem Embolism, Dehydration, and Aquaporin Gene Expression Differs Among Species.",Physiologia plantarum,2025,10.1111/ppl.70619,https://doi.org/10.1111/ppl.70619,PubMed
The dynamics of linked social-ecological action situations reveal governance changes in the Austrian Danube.,Journal of environmental management,2025,10.1016/j.jenvman.2025.127662,https://doi.org/10.1016/j.jenvman.2025.127662,PubMed
The lingering menace: How legacy organochlorine pesticides still threaten our rivers and food chains.,Ecotoxicology and environmental safety,2025,10.1016/j.ecoenv.2024.117422,https://doi.org/10.1016/j.ecoenv.2024.117422,PubMed
Translocated Species Exceed Alien Species in Homogenizing Freshwater Fish Assemblages.,Global change biology,2025,10.1111/gcb.70506,https://doi.org/10.1111/gcb.70506,PubMed
Trophic dynamics and morphometric divergence of coexisting neotropical cichlid species (Teleostei: Cichliformes) in relation to a dam.,Brazilian journal of biology = Revista brasleira de biologia,2025,10.1590/1519-6984.293810,https://doi.org/10.1590/1519-6984.293810,PubMed
Two new sympatric species of Phrynopus (Anura: Strabomantidae) from the Elfin Forests of Cordillera de Yanachaga in central Peru.,PeerJ,2025,10.7717/peerj.20250,https://doi.org/10.7717/peerj.20250,PubMed
"Unlocking flow-habitat relationships in mountain rivers of Epirus, Greece using object detection and hydrodynamic simulation.",The Science of the total environment,2025,10.1016/j.scitotenv.2025.180703,https://doi.org/10.1016/j.scitotenv.2025.180703,PubMed
Unlocking the Secrets of Saline Lakes: How Environmental and Microbial Interactions Shape Protodolomite Formation.,Geobiology,2025,10.1111/gbi.70035,https://doi.org/10.1111/gbi.70035,PubMed
"Untangling the connection between endocrine disrupting compounds, river pollution classes, and socioeconomic factors.",Environmental geochemistry and health,2025,10.1007/s10653-025-02760-x,https://doi.org/10.1007/s10653-025-02760-x,PubMed
Unveiling the contemporary genetic diversity and population demography of the critically endangered northern river terrapin (Batagur baska) in the sundarbans.,Molecular biology reports,2025,10.1007/s11033-025-11208-5,https://doi.org/10.1007/s11033-025-11208-5,PubMed
Using citizen science to overcome data gaps in artisanal fisheries: programme overview and spatiotemporal patterns.,Journal of fish biology,2025,10.1111/jfb.70197,https://doi.org/10.1111/jfb.70197,PubMed
Vegetation-driven differences in soil CO2 emissions and carbon-sequestering microbiomes of estuarine salt marsh and mangrove wetlands.,Environmental research,2025,10.1016/j.envres.2025.122053,https://doi.org/10.1016/j.envres.2025.122053,PubMed
Zooplankton-based trophic state indices assessment of reservoirs and lakes in Central Mexico.,Environmental monitoring and assessment,2025,10.1007/s10661-025-14599-x,https://doi.org/10.1007/s10661-025-14599-x,PubMed
Habitat suitability maps for Australian flora and fauna under CMIP6 climate scenarios,GigaScience,2024,10.1093/gigascience/giae002,https://doi.org/10.1093/gigascience/giae002,Crossref
Climate warming drives population trajectories of freshwater fish.,Proceedings of the National Academy of Sciences of the United States of America,2024,10.1073/pnas.2410355121,https://doi.org/10.1073/pnas.2410355121,PubMed
"Distribution and bioaccumulation of trace elements in two Cyprinidae fish species in the Indus river, Pakistan, including the impact of hydraulic structure on macroinvertebrates' biodiversity.",Environmental research,2024,10.1016/j.envres.2024.118882,https://doi.org/10.1016/j.envres.2024.118882,PubMed
Ecological inferences on invasive carp survival using hydrodynamics and egg drift models.,Scientific reports,2024,10.1038/s41598-024-60189-1,https://doi.org/10.1038/s41598-024-60189-1,PubMed
Evaluating effects of climate change on the spatial distribution of an atypical cavefish Onychostoma macrolepis.,Journal of environmental management,2024,10.1016/j.jenvman.2023.119643,https://doi.org/10.1016/j.jenvman.2023.119643,PubMed
"Health risk assessment of heavy metals in wild fish and seasonal variation and source identification of heavy metals in sediments: a case study of typical urban river in Xi'an, China.",Environmental science and pollution research international,2024,10.1007/s11356-023-31693-0,https://doi.org/10.1007/s11356-023-31693-0,PubMed
Incorporating Implicit Information to Disentangle the Impacts of Hydropower Dams and Climate Change on Basin-Scale Fish Habitat Distribution.,Ecology and evolution,2024,10.1002/ece3.70412,https://doi.org/10.1002/ece3.70412,PubMed
Modeling the risk of aquatic species invasion spread through boater movements and river connections.,Conservation biology : the journal of the Society for Conservation Biology,2024,10.1111/cobi.14260,https://doi.org/10.1111/cobi.14260,PubMed
Niche overlap between native Cirrhinus molitorella and potential invasive competitors.,Environmental research,2024,10.1016/j.envres.2024.118407,https://doi.org/10.1016/j.envres.2024.118407,PubMed
"Prioritizing the multifaceted community and species uniqueness for the conservation of lacustrine fishes in the largest subtropical floodplain, China.",Journal of environmental management,2024,10.1016/j.jenvman.2024.121301,https://doi.org/10.1016/j.jenvman.2024.121301,PubMed
"Spatially explicit estimation of freshwater fish stock biomass with limited data: A case study of an endangered endemic fish on the Tibetan Plateau, China.",The Science of the total environment,2024,10.1016/j.scitotenv.2023.168717,https://doi.org/10.1016/j.scitotenv.2023.168717,PubMed
Spatiotemporal variations and driving factors of fine-scale habitat use by the Yangtze finless porpoise population in the Yangtze River.,BMC zoology,2024,10.1186/s40850-024-00218-8,https://doi.org/10.1186/s40850-024-00218-8,PubMed
The critical need for long-term biomonitoring: The case study of a major river system in Anatolia.,Environmental monitoring and assessment,2024,10.1007/s10661-024-13300-y,https://doi.org/10.1007/s10661-024-13300-y,PubMed
Using global remote camera data of a solitary species complex to evaluate the drivers of group formation.,Proceedings of the National Academy of Sciences of the United States of America,2024,10.1073/pnas.2312252121,https://doi.org/10.1073/pnas.2312252121,PubMed
Whether including exotic species alters conservation prioritization: a case study in the Min River in southeastern China.,Journal of fish biology,2024,10.1111/jfb.15356,https://doi.org/10.1111/jfb.15356,PubMed
"Biotic resistance to fish invasions in southern China: Evidence from biomass, habitat, and fertility limitation.",Ecological applications : a publication of the Ecological Society of America,2023,10.1002/eap.2819,https://doi.org/10.1002/eap.2819,PubMed
Discovery of Formicomyces microglobosus gen. et sp. nov. strengthens the hypothesis of independent evolution of ant-associated fungi in Trichomeriaceae.,Fungal biology,2023,10.1016/j.funbio.2023.10.005,https://doi.org/10.1016/j.funbio.2023.10.005,PubMed
"Enrichment, bioaccumulation and human health assessment of organochlorine pesticides in sediments and edible fish of a plateau lake.",Environmental geochemistry and health,2023,10.1007/s10653-023-01762-x,https://doi.org/10.1007/s10653-023-01762-x,PubMed
Identification of aquatic ecological risk of bisphenol S in four Asian countries based on the SSD and alternative toxicity data of model species Danio rerio.,Environmental science and pollution research international,2023,10.1007/s11356-023-27915-0,https://doi.org/10.1007/s11356-023-27915-0,PubMed
Life-cycle traits in the demosponge Hymeniacidon perlevis in a land-based fish farm.,PeerJ,2023,10.7717/peerj.14685,https://doi.org/10.7717/peerj.14685,PubMed
"Metabolism response mechanism in the gill of Oreochromis mossambicus under salinity, alkalinity and saline-alkalinity stresses.",Ecotoxicology and environmental safety,2023,10.1016/j.ecoenv.2023.114523,https://doi.org/10.1016/j.ecoenv.2023.114523,PubMed
Observed and projected functional reorganization of riverine fish assemblages from global change.,Global change biology,2023,10.1111/gcb.16707,https://doi.org/10.1111/gcb.16707,PubMed
Opening the floodgates for invasion-modelling the distribution dynamics of invasive alien fishes in India.,Environmental monitoring and assessment,2023,10.1007/s10661-023-12012-z,https://doi.org/10.1007/s10661-023-12012-z,PubMed
Predicting climate heating impacts on riverine fish species diversity in a biodiversity hotspot region.,Scientific reports,2023,10.1038/s41598-023-41406-9,https://doi.org/10.1038/s41598-023-41406-9,PubMed
Regional environmental and climatic concerns on preserving native gene pools of a least concern species: Brown trout lineages in Mediterranean streams.,The Science of the total environment,2023,10.1016/j.scitotenv.2022.160739,https://doi.org/10.1016/j.scitotenv.2022.160739,PubMed
"Residue character of polycyclic aromatic hydrocarbons in river aquatic organisms coupled with geographic distribution, feeding behavior, and human edible risk.",The Science of the total environment,2023,10.1016/j.scitotenv.2023.164814,https://doi.org/10.1016/j.scitotenv.2023.164814,PubMed
"Breast Cancer Risk Genes - Association Analysis in More than 113,000 Women.",The New England journal of medicine,2021,10.1056/nejmoa1913948,https://doi.org/10.1056/nejmoa1913948,PubMed
Depressive hypertension: A proposed human endotype of brain/gut microbiome dysbiosis.,American heart journal,2021,10.1016/j.ahj.2021.05.002,https://doi.org/10.1016/j.ahj.2021.05.002,PubMed
"Relationships between environmental variables and spatial and temporal distribution of jack mackerel (Trachurus japonicus) in the Beibu Gulf, South China Sea.",PeerJ,2021,10.7717/peerj.12337,https://doi.org/10.7717/peerj.12337,PubMed
"Modelling habitat suitability of western tragopan (Tragopan melanocephalus) a range-restricted vulnerable bird species of the Himalayan region, in response to climate change",Climate Risk Management,2020,10.1016/j.crm.2020.100241,https://doi.org/10.1016/j.crm.2020.100241,Crossref
Expansion of RiPP biosynthetic space through integration of pan-genomics and machine learning uncovers a novel class of lanthipeptides.,PLoS biology,2020,10.1371/journal.pbio.3001026,https://doi.org/10.1371/journal.pbio.3001026,PubMed
From topography to hydrology-The modifiable area unit problem impacts freshwater species distribution models.,Ecology and evolution,2020,10.1002/ece3.6110,https://doi.org/10.1002/ece3.6110,PubMed
Hotspots of species loss do not vary across future climate scenarios in a drought-prone river basin.,Ecology and evolution,2020,10.1002/ece3.6597,https://doi.org/10.1002/ece3.6597,PubMed
Landscape factors modulating patterns of salmonid distribution during summer in north Patagonian rivers.,Journal of fish biology,2020,10.1111/jfb.14431,https://doi.org/10.1111/jfb.14431,PubMed
The role of connectivity in the interplay between climate change and the spread of alien fish in a large Mediterranean river.,Global change biology,2020,10.1111/gcb.15320,https://doi.org/10.1111/gcb.15320,PubMed
Causal Inference Using Graphical Models with the<i>R</i>Package<b>pcalg</b>,Journal of Statistical Software,2012,10.18637/jss.v047.i11,https://doi.org/10.18637/jss.v047.i11,Crossref
Learning Bayesian Networks with the<b>bnlearn</b><i>R</i>Package,Journal of Statistical Software,2010,10.18637/jss.v035.i03,https://doi.org/10.18637/jss.v035.i03,Crossref
A Bayesian Approach to Causal Discovery,"Computation, Causation, and Discovery",NA,10.7551/mitpress/2006.003.0007,https://doi.org/10.7551/mitpress/2006.003.0007,Crossref
A DP algorithm for speaker change detection,8th European Conference on Speech Communication and Technology (Eurospeech 2003),NA,10.21437/eurospeech.2003-768,https://doi.org/10.21437/eurospeech.2003-768,Crossref
A causal brain network estimation method leveraging Bayesian analysis and the PC algorithm,"Medical Imaging 2020: Biomedical Applications in Molecular, Structural, and Functional Imaging",NA,10.1117/12.2549295,https://doi.org/10.1117/12.2549295,Crossref
A study on causal rule discovery with PC algorithm,2017 International Conference on Infocom Technologies and Unmanned Systems (Trends and Future Directions) (ICTUS),NA,10.1109/ictus.2017.8286083,https://doi.org/10.1109/ictus.2017.8286083,Crossref
An Overview of the Representation and Discovery of Causal Relationships Using Bayesian Networks,"Computation, Causation, and Discovery",NA,10.7551/mitpress/2006.003.0002,https://doi.org/10.7551/mitpress/2006.003.0002,Crossref
"Assessing Potential Habitat for Freshwater Mussels by Transferring a Habitat Suitability Model within the Ozark Ecoregion, Missouri",Freshwater Mollusk Biology and Conservation,NA,10.31931/fmbc-d-21-00005,https://doi.org/10.31931/fmbc-d-21-00005,Crossref
Assessing habitat suitability for timber species in South Korea under SSP scenarios,Environmental Biology Research,NA,10.11626/kjeb.2022.40.4.567,https://doi.org/10.11626/kjeb.2022.40.4.567,Crossref
Assumptions Behind Habitat Suitability Models,Habitat Suitability and Distribution Models,NA,10.1017/9781139028271.009,https://doi.org/10.1017/9781139028271.009,Crossref
Bioclimatic Suitability of Dairy Cattle Farming in Mato Grosso do Sul (2021–2100): Spatiotemporal Mapping Under Cmip6 Ssp Scenarios,Revista de Gestão Social e Ambiental,NA,10.24857/rgsa.v19n10-060,https://doi.org/10.24857/rgsa.v19n10-060,Crossref
Biodiversity: Habitat Suitability,Terrestrial Ecosystems and Biodiversity,NA,10.1201/9780429445651-6,https://doi.org/10.1201/9780429445651-6,Crossref
Biodiversity: Habitat Suitability,Encyclopedia of Natural Resources: Land,NA,10.1081/e-enrl-120047431,https://doi.org/10.1081/e-enrl-120047431,Crossref
Building a Joint Species Distribution Model Step by Step,Joint Species Distribution Modelling,NA,10.1017/9781108591720.007,https://doi.org/10.1017/9781108591720.007,Crossref
Causal Discovery of ICU Stay Length: PC Algorithm Approach with ICD-Lab Data,JTERA (Jurnal Teknologi Rekayasa),NA,10.31544/jtera.v10.i1.2025.173-182,https://doi.org/10.31544/jtera.v10.i1.2025.173-182,Crossref
Causal Modelling Based on Bayesian Networks for Preliminary Design of Buildings,Bayesian Network,NA,10.5772/10067,https://doi.org/10.5772/10067,Crossref
Climate Change and Phytoplankton Habitat Suitability in Nainital Lake,Climate Change and Disadvantaged Communities,NA,10.1201/9781003620747-21,https://doi.org/10.1201/9781003620747-21,Crossref
CompareCausalNetworks: Interface to Diverse Estimation Methods of Causal Networks,CRAN: Contributed Packages,NA,10.32614/cran.package.comparecausalnetworks,https://doi.org/10.32614/cran.package.comparecausalnetworks,Crossref
Comparison of Walleye Habitat Suitability Index (HSI) Information with Habitat Features of a Walleye Spawning Stream,Journal of Freshwater Ecology,NA,10.1080/02705060.2001.9663854,https://doi.org/10.1080/02705060.2001.9663854,Crossref
Conservation of Freshwater Biodiversity,Freshwater Biodiversity,NA,10.1017/9781139032759.009,https://doi.org/10.1017/9781139032759.009,Crossref
"Decision letter for ""Habitat suitability models reveal the spatial signal of environmental DNA in riverine networks""",NA,NA,10.1111/ecog.07267/v2/decision1,https://doi.org/10.1111/ecog.07267/v2/decision1,Crossref
"Decision letter for ""Habitat suitability models reveal the spatial signal of environmental DNA in riverine networks""",NA,NA,10.1111/ecog.07267/v1/decision1,https://doi.org/10.1111/ecog.07267/v1/decision1,Crossref
"Decision letter for ""Multi‐Output Gaussian Processes for Species Distribution Modelling""",NA,NA,10.1111/2041-210x.13496/v2/decision1,https://doi.org/10.1111/2041-210x.13496/v2/decision1,Crossref
"Decision letter for ""Multi‐Output Gaussian Processes for Species Distribution Modelling""",NA,NA,10.1111/2041-210x.13496/v1/decision1,https://doi.org/10.1111/2041-210x.13496/v1/decision1,Crossref
"Decision letter for ""Multi‐Output Gaussian Processes for Species Distribution Modelling""",NA,NA,10.1111/2041-210x.13496/v4/decision1,https://doi.org/10.1111/2041-210x.13496/v4/decision1,Crossref
"Decision letter for ""Multi‐Output Gaussian Processes for Species Distribution Modelling""",NA,NA,10.1111/2041-210x.13496/v3/decision1,https://doi.org/10.1111/2041-210x.13496/v3/decision1,Crossref
Discover the Factors of Longevity by Causal Discovery with PC Algorithm and Neural Networks,"Science and Technology of Engineering, Chemistry and Environmental Protection",NA,10.61173/311n9348,https://doi.org/10.61173/311n9348,Crossref
Discovery of Learning Path Based on Bayesian Network Association Rule Algorithm,International Journal of Distance Education Technologies,NA,10.4018/ijdet.2020010104,https://doi.org/10.4018/ijdet.2020010104,Crossref
Discovery of interconnected causal drivers of COVID-19 vaccination intentions in the US using a causal Bayesian network,Scientific Reports,NA,10.1038/s41598-023-33745-4,https://doi.org/10.1038/s41598-023-33745-4,Crossref
"Distribution and habitat suitability for Himalayan red panda (Ailurus fulgens) in Dhorpatan Hunting Reserve, Nepal",Journal of Asia-Pacific Biodiversity,NA,10.1016/j.japb.2025.06.004,https://doi.org/10.1016/j.japb.2025.06.004,Crossref
Ecosystem Services and Incentivizing Conservation of Freshwater Biodiversity,Freshwater Biodiversity,NA,10.1017/9781139032759.008,https://doi.org/10.1017/9781139032759.008,Crossref
Effects of habitat alteration caused by petrochemical activities and oil spills on the habitat use and interspecific relationships among four species of Afrotropical freshwater turtles,"Topics in Biodiversity and Conservation,Marine, Freshwater, and Wetlands Biodiversity Conservation",NA,10.1007/978-1-4020-5734-2_25,https://doi.org/10.1007/978-1-4020-5734-2_25,Crossref
Environmental Instream Flows to Support Physical Habitat for Freshwater Biodiversity in Alabama's Rivers,Southeastern Naturalist,NA,10.1656/058.019.0410,https://doi.org/10.1656/058.019.0410,Crossref
Epilogue,Joint Species Distribution Modelling,NA,10.1017/9781108591720.017,https://doi.org/10.1017/9781108591720.017,Crossref
Estimation and Inference of Heterogeneous Treatment Effects using Random Forests,Journal of the American Statistical Association,NA,10.1080/01621459.2017.1319839,https://doi.org/10.1080/01621459.2017.1319839,Crossref
Evaluating climate change scenarios on global pea aphid habitat suitability using species distribution models,Climate Change Ecology,NA,10.1016/j.ecochg.2024.100084,https://doi.org/10.1016/j.ecochg.2024.100084,Crossref
Factors Affecting Habitat Selection of Freshwater Fishes of Sri Lanka: A Review,Biodiversity of Freshwater Ecosystems,NA,10.1201/9781003277125-11,https://doi.org/10.1201/9781003277125-11,Crossref
Fast Stable Direct Fitting and Smoothness Selection for Generalized Additive Models,Journal of the Royal Statistical Society Series B: Statistical Methodology,NA,10.1111/j.1467-9868.2007.00646.x,https://doi.org/10.1111/j.1467-9868.2007.00646.x,Crossref
"Figure 2 from: Medrano-Vizcaíno P, Gutiérrez-Salazar P (2020) Current and future suitable habitat areas for Nasuella olivacea (Gray, 1865) in Colombia and Ecuador and analysis of its distribution across different land uses. Biodiversity Data Journal 8: e49164. https://doi.org/10.3897/BDJ.8.e49164",NA,NA,10.3897/bdj.8.e49164.figure2,https://doi.org/10.3897/bdj.8.e49164.figure2,Crossref
Figure 2: Habitat suitability.,NA,NA,10.7717/peerj.14492/fig-2,https://doi.org/10.7717/peerj.14492/fig-2,Crossref
"Figure 3 from: Medrano-Vizcaíno P, Gutiérrez-Salazar P (2020) Current and future suitable habitat areas for Nasuella olivacea (Gray, 1865) in Colombia and Ecuador and analysis of its distribution across different land uses. Biodiversity Data Journal 8: e49164. https://doi.org/10.3897/BDJ.8.e49164",NA,NA,10.3897/bdj.8.e49164.figure3,https://doi.org/10.3897/bdj.8.e49164.figure3,Crossref
Figure 3: Modelled habitat suitability of <i>Culicoides imicola</i> under current and future climate change scenarios.,NA,NA,10.7717/peerj.12308/fig-3,https://doi.org/10.7717/peerj.12308/fig-3,Crossref
Figure 4: Bar graph of habitat suitability area under different climate change scenarios.,NA,NA,10.7717/peerj.12308/fig-4,https://doi.org/10.7717/peerj.12308/fig-4,Crossref
Global Endangerment of Freshwater Biodiversity,Freshwater Biodiversity,NA,10.1017/9781139032759.002,https://doi.org/10.1017/9781139032759.002,Crossref
Habitat Suitability of Restored Wetlands and an Investigation of Sampling Bias for Freshwater Turtles in West Virginia,NA,NA,10.33915/etd.3737,https://doi.org/10.33915/etd.3737,Crossref
Habitat suitability assessment of &lt;I&gt;Equus hemionus hemionus&lt;/I&gt; in Kalamaili Mountain Nature Reserve,Biodiversity Science,NA,10.3724/sp.j.1003.2012.09219,https://doi.org/10.3724/sp.j.1003.2012.09219,Crossref
Habitat suitability maps for Australian flora and fauna under CMIP6 climate scenarios,NA,NA,10.32942/x2np59,https://doi.org/10.32942/x2np59,Crossref
"Hoki (Macruronus novaezelandiae) Diet Variability and Associated Middle-Depth Demersal Fish Species Depth Distribution in the Ecosystem on the Chatham Rise, New Zealand.",NA,NA,10.26686/wgtn.16967449,https://doi.org/10.26686/wgtn.16967449,Crossref
How Climate Change Affects Habitat Suitability for Crocodylus Siamensis,NA,NA,10.58445/rars.1343,https://doi.org/10.58445/rars.1343,Crossref
How Will Climate Change Affect Freshwater Biodiversity?,Freshwater Biodiversity,NA,10.1017/9781139032759.007,https://doi.org/10.1017/9781139032759.007,Crossref
Improving Causal Discovery By Optimal Bayesian Network Learning,Proceedings of the AAAI Conference on Artificial Intelligence,NA,10.1609/aaai.v35i10.17059,https://doi.org/10.1609/aaai.v35i10.17059,Crossref
Index,Joint Species Distribution Modelling,NA,10.1017/9781108591720.019,https://doi.org/10.1017/9781108591720.019,Crossref
Inferring causation from time series in Earth system sciences,Nature Communications,NA,10.1038/s41467-019-10105-3,https://doi.org/10.1038/s41467-019-10105-3,Crossref
Joint Species Distribution Modelling,Joint Species Distribution Modelling,NA,10.1017/9781108591720.009,https://doi.org/10.1017/9781108591720.009,Crossref
Joint Species Distribution Modelling,Joint Species Distribution Modelling,NA,10.1017/9781108591720.010,https://doi.org/10.1017/9781108591720.010,Crossref
Joint Species Distribution Modelling,NA,NA,10.1017/9781108591720,https://doi.org/10.1017/9781108591720,Crossref
Let's talk forest biodiversity: A comprehensive guide to wildlife habitat restoration,Climate Change and Law Collection,NA,10.1163/9789004322714_cclc_2023-0115-0526,https://doi.org/10.1163/9789004322714_cclc_2023-0115-0526,Crossref
Maximum entropy modeling of species geographic distributions,Ecological Modelling,NA,10.1016/j.ecolmodel.2005.03.026,https://doi.org/10.1016/j.ecolmodel.2005.03.026,Crossref
Modeling the effects of climate change on the habitat suitability of Mediterranean gorgonians,Biodiversity and Conservation,NA,10.1007/s10531-024-02779-z,https://doi.org/10.1007/s10531-024-02779-z,Crossref
Modeling the effects of climate change on the habitat suitability of Mediterranean gorgonians,NA,NA,10.21203/rs.3.rs-2876788/v1,https://doi.org/10.21203/rs.3.rs-2876788/v1,Crossref
Multivariate approaches in species distribution modelling: Application to native fish species in Mediterranean Rivers,NA,NA,10.4995/thesis/10251/76168,https://doi.org/10.4995/thesis/10251/76168,Crossref
Near-global freshwater-specific environmental variables for biodiversity analyses in 1 km resolution,Scientific Data,NA,10.1038/sdata.2015.73,https://doi.org/10.1038/sdata.2015.73,Crossref
Overview of the Habitat Suitability Modeling Procedure,Habitat Suitability and Distribution Models,NA,10.1017/9781139028271.006,https://doi.org/10.1017/9781139028271.006,Crossref
ParallelPC: Paralellised Versions of Constraint Based Causal Discovery Algorithms,CRAN: Contributed Packages,NA,10.32614/cran.package.parallelpc,https://doi.org/10.32614/cran.package.parallelpc,Crossref
"Peer Review #1 of ""Change of niche in guanaco (Lama guanicoe): the effects of climate change on habitat suitability and lineage conservatism in Chile (v0.1)""",NA,NA,10.7287/peerj.4907v0.1/reviews/1,https://doi.org/10.7287/peerj.4907v0.1/reviews/1,Crossref
"Peer Review #1 of ""Change of niche in guanaco (Lama guanicoe): the effects of climate change on habitat suitability and lineage conservatism in Chile (v0.2)""",NA,NA,10.7287/peerj.4907v0.2/reviews/1,https://doi.org/10.7287/peerj.4907v0.2/reviews/1,Crossref
"Peer Review #1 of ""Change of niche in guanaco (Lama guanicoe): the effects of climate change on habitat suitability and lineage conservatism in Chile (v0.3)""",NA,NA,10.7287/peerj.4907v0.3/reviews/1,https://doi.org/10.7287/peerj.4907v0.3/reviews/1,Crossref
"Peer Review #1 of ""Incorporating reef fish avoidance behavior improves accuracy of species distribution models (v0.1)""",NA,NA,10.7287/peerj.9246v0.1/reviews/1,https://doi.org/10.7287/peerj.9246v0.1/reviews/1,Crossref
"Peer Review #1 of ""Incorporating reef fish avoidance behavior improves accuracy of species distribution models (v0.3)""",NA,NA,10.7287/peerj.9246v0.3/reviews/1,https://doi.org/10.7287/peerj.9246v0.3/reviews/1,Crossref
"Peer Review #2 of ""Change of niche in guanaco (Lama guanicoe): the effects of climate change on habitat suitability and lineage conservatism in Chile (v0.1)""",NA,NA,10.7287/peerj.4907v0.1/reviews/2,https://doi.org/10.7287/peerj.4907v0.1/reviews/2,Crossref
"Peer Review #2 of ""Incorporating reef fish avoidance behavior improves accuracy of species distribution models (v0.1)""",NA,NA,10.7287/peerj.9246v0.1/reviews/2,https://doi.org/10.7287/peerj.9246v0.1/reviews/2,Crossref
Phenome-scale causal network discovery with bidirectional mediated Mendelian randomization,NA,NA,10.1101/2020.06.18.160176,https://doi.org/10.1101/2020.06.18.160176,Crossref
Population response modeling and habitat suitability of Cobitis choii fish species in South Korea for climate change adaptation,Ecotoxicology and Environmental Safety,NA,10.1016/j.ecoenv.2019.109949,https://doi.org/10.1016/j.ecoenv.2019.109949,Crossref
Potential habitat suitability of Iraqi amphibians under climate change,Biodiversitas Journal of Biological Diversity,NA,10.13057/biodiv/d210240,https://doi.org/10.13057/biodiv/d210240,Crossref
"Prediction of Kashmir markhor habitat suitability in Chitral Gol National Park, Pakistan",Biodiversity,NA,10.1080/14888386.2012.684206,https://doi.org/10.1080/14888386.2012.684206,Crossref
Prediction of climate change effects on Siberian Crane (Grus leucogeranus ) habitat suitability by using ensemble modeling in Asia Wetlands,NA,NA,10.21203/rs.3.rs-1806752/v1,https://doi.org/10.21203/rs.3.rs-1806752/v1,Crossref
Preface,Joint Species Distribution Modelling,NA,10.1017/9781108591720.001,https://doi.org/10.1017/9781108591720.001,Crossref
Quantum PC Algorithm: Data-Efficient and Nonlinear Causal Discovery,2024 IEEE International Conference on Quantum Computing and Engineering (QCE),NA,10.1109/qce60285.2024.10322,https://doi.org/10.1109/qce60285.2024.10322,Crossref
Rapid assessment of future habitat suitability: A case-study of the Snowy Mountains endemic alpine flora using the Biodiversity and Climate Change Virtual Library (BCCVL),Australasian Plant Conservation: journal of the Australian Network for Plant Conservation,NA,10.5962/p.373812,https://doi.org/10.5962/p.373812,Crossref
Recent and rapid anthropogenic habitat fragmentation increases extinction risk for freshwater biodiversity,NA,NA,10.1101/2020.02.04.934729,https://doi.org/10.1101/2020.02.04.934729,Crossref
References,Joint Species Distribution Modelling,NA,10.1017/9781108591720.018,https://doi.org/10.1017/9781108591720.018,Crossref
Research on Algorithm Combining Bayesian Network Model with Causal Reasoning,2023 IEEE 15th International Conference on Computational Intelligence and Communication Networks (CICN),NA,10.1109/cicn59264.2023.10402197,https://doi.org/10.1109/cicn59264.2023.10402197,Crossref
"Review for ""Design modifications affect bat box temperatures and suitability as maternity habitat""",NA,NA,10.1002/2688-8319.12112/v1/review1,https://doi.org/10.1002/2688-8319.12112/v1/review1,Crossref
"Review for ""Habitat suitability models reveal the spatial signal of environmental DNA in riverine networks""",NA,NA,10.1111/ecog.07267/v1/review2,https://doi.org/10.1111/ecog.07267/v1/review2,Crossref
"Review for ""Habitat suitability models reveal the spatial signal of environmental DNA in riverine networks""",NA,NA,10.1111/ecog.07267/v1/review1,https://doi.org/10.1111/ecog.07267/v1/review1,Crossref
"Review for ""Habitat suitability models reveal the spatial signal of environmental DNA in riverine networks""",NA,NA,10.1111/ecog.07267/v2/review1,https://doi.org/10.1111/ecog.07267/v2/review1,Crossref
"Review for ""Integrating physiology into correlative models can alter projections of habitat suitability under climate change for a threatened amphibian""",NA,NA,10.1111/ecog.06082/v1/review1,https://doi.org/10.1111/ecog.06082/v1/review1,Crossref
"Review for ""Modelling the distribution of plant‐associated microbes with species distribution models""",NA,NA,10.1111/1365-2745.70035/v1/review2,https://doi.org/10.1111/1365-2745.70035/v1/review2,Crossref
"Review for ""Modelling the distribution of plant‐associated microbes with species distribution models""",NA,NA,10.1111/1365-2745.70035/v2/review1,https://doi.org/10.1111/1365-2745.70035/v2/review1,Crossref
"Review for ""Modelling the distribution of plant‐associated microbes with species distribution models""",NA,NA,10.1111/1365-2745.70035/v1/review1,https://doi.org/10.1111/1365-2745.70035/v1/review1,Crossref
"Review for ""Multi‐Output Gaussian Processes for Species Distribution Modelling""",NA,NA,10.1111/2041-210x.13496/v2/review2,https://doi.org/10.1111/2041-210x.13496/v2/review2,Crossref
"Review for ""Multi‐Output Gaussian Processes for Species Distribution Modelling""",NA,NA,10.1111/2041-210x.13496/v3/review1,https://doi.org/10.1111/2041-210x.13496/v3/review1,Crossref
"Review for ""Multi‐Output Gaussian Processes for Species Distribution Modelling""",NA,NA,10.1111/2041-210x.13496/v4/review1,https://doi.org/10.1111/2041-210x.13496/v4/review1,Crossref
"Review for ""Multi‐Output Gaussian Processes for Species Distribution Modelling""",NA,NA,10.1111/2041-210x.13496/v2/review1,https://doi.org/10.1111/2041-210x.13496/v2/review1,Crossref
"Review for ""Multi‐Output Gaussian Processes for Species Distribution Modelling""",NA,NA,10.1111/2041-210x.13496/v3/review2,https://doi.org/10.1111/2041-210x.13496/v3/review2,Crossref
"Review for ""Multi‐Output Gaussian Processes for Species Distribution Modelling""",NA,NA,10.1111/2041-210x.13496/v4/review2,https://doi.org/10.1111/2041-210x.13496/v4/review2,Crossref
"Review for ""phyr: An R package for phylogenetic species‐distribution modelling in ecological communities""",NA,NA,10.1111/2041-210x.13471/v1/review1,https://doi.org/10.1111/2041-210x.13471/v1/review1,Crossref
"Review for ""phyr: An R package for phylogenetic species‐distribution modelling in ecological communities""",NA,NA,10.1111/2041-210x.13471/v1/review2,https://doi.org/10.1111/2041-210x.13471/v1/review2,Crossref
Single-Species Distribution Modelling,Joint Species Distribution Modelling,NA,10.1017/9781108591720.008,https://doi.org/10.1017/9781108591720.008,Crossref
SoilGrids250m: Global gridded soil information based on machine learning,PLOS ONE,NA,10.1371/journal.pone.0169748,https://doi.org/10.1371/journal.pone.0169748,Crossref
Spawning habitat suitability for coastal cutthroat trout: Microhabitat and mesohabitat,Aquatic Conservation: Marine and Freshwater Ecosystems,NA,10.1002/aqc.3431,https://doi.org/10.1002/aqc.3431,Crossref
Suitability criteria for spawning habitat of riverine European grayling,Journal of Fish Biology,NA,10.1006/jfbi.2002.1946,https://doi.org/10.1006/jfbi.2002.1946,Crossref
Suitability criteria for spawning habitat of riverine European grayling,Journal of Fish Biology,NA,10.1111/j.1095-8649.2002.tb01730.x,https://doi.org/10.1111/j.1095-8649.2002.tb01730.x,Crossref
Table 2: Impact of climate change on tree habitat suitability in 2080.,NA,NA,10.7717/peerj.2218/table-2,https://doi.org/10.7717/peerj.2218/table-2,Crossref
The Bayesian Causal Effect Estimation Algorithm,Journal of Causal Inference,NA,10.1515/jci-2014-0035,https://doi.org/10.1515/jci-2014-0035,Crossref
The Causal Inference of Bayesian Network Based on Improved IDA Algorithm,2025 8th International Symposium on Big Data and Applied Statistics (ISBDAS),NA,10.1109/isbdas64762.2025.11117067,https://doi.org/10.1109/isbdas64762.2025.11117067,Crossref
The Five‐Gene‐Network Data Analysis with Local Causal Discovery Algorithm Using Causal Bayesian Networks,Annals of the New York Academy of Sciences,NA,10.1111/j.1749-6632.2008.03749.x,https://doi.org/10.1111/j.1749-6632.2008.03749.x,Crossref
The Freshwater Commons,Freshwater Biodiversity,NA,10.1017/9781139032759.001,https://doi.org/10.1017/9781139032759.001,Crossref
The New Hydrographic Hydrosheds Database Derived from the Tandem-X Dem,IGARSS 2023 - 2023 IEEE International Geoscience and Remote Sensing Symposium,NA,10.1109/igarss52108.2023.10282244,https://doi.org/10.1109/igarss52108.2023.10282244,Crossref
The biogeography of fertilization mode in the sea,Global Ecology and Biogeography,NA,10.1111/geb.12358,https://doi.org/10.1111/geb.12358,Crossref
The distribution of an invasive fish species is highly affected by the presence of native fish species: evidence based on species distribution modelling,Biological Invasions,NA,10.1007/s10530-015-1016-y,https://doi.org/10.1007/s10530-015-1016-y,Crossref
Turning back the tide? Local‐scale impacts of climate change may have positive effects by restoring natural riverine habitat and reducing invasive fish density,Freshwater Biology,NA,10.1111/fwb.13604,https://doi.org/10.1111/fwb.13604,Crossref
Using Bayesian Network Learning Algorithm to Discover Causal Relations in Multivariate Time Series,2011 IEEE 11th International Conference on Data Mining,NA,10.1109/icdm.2011.153,https://doi.org/10.1109/icdm.2011.153,Crossref
Visualizing the Effects of Predictor Variables in Black Box Supervised Learning Models,Journal of the Royal Statistical Society Series B: Statistical Methodology,NA,10.1111/rssb.12377,https://doi.org/10.1111/rssb.12377,Crossref
WorldClim 2: new 1‐km spatial resolution climate surfaces for global land areas,International Journal of Climatology,NA,10.1002/joc.5086,https://doi.org/10.1002/joc.5086,Crossref
kpcalg: Kernel PC Algorithm for Causal Structure Detection,CRAN: Contributed Packages,NA,10.32614/cran.package.kpcalg,https://doi.org/10.32614/cran.package.kpcalg,Crossref
micd: Multiple Imputation in Causal Graph Discovery,CRAN: Contributed Packages,NA,10.32614/cran.package.micd,https://doi.org/10.32614/cran.package.micd,Crossref
pcalg: Methods for Graphical Models and Causal Inference,CRAN: Contributed Packages,NA,10.32614/cran.package.pcalg,https://doi.org/10.32614/cran.package.pcalg,Crossref
pchc: Bayesian Network Learning with the PCHC and Related Algorithms,CRAN: Contributed Packages,NA,10.32614/cran.package.pchc,https://doi.org/10.32614/cran.package.pchc,Crossref
randomForest: Breiman and Cutlers Random Forests for Classification and Regression,CRAN: Contributed Packages,NA,10.32614/cran.package.randomforest,https://doi.org/10.32614/cran.package.randomforest,Crossref
